<?xml version="1.0" encoding="UTF-8"?>
<!DOCTYPE vcs-root SYSTEM "../../../project-config.dtd">

<vcs-root type="jetbrains.git">
  <name>Github</name>
  <param name="agentCleanFilesPolicy" value="ALL_UNTRACKED" />
  <param name="agentCleanPolicy" value="ON_BRANCH_CHANGE" />
  <param name="authMethod" value="PRIVATE_KEY_DEFAULT" />
  <param name="branch" value="refs/heads/master" />
  <param name="ignoreKnownHosts" value="true" />
  <param name="submoduleCheckout" value="CHECKOUT" />
  <param name="url" value="https://github.com/pilotpirx1/to.git" />
  <param name="username" value="pilotpirx1" />
  <param name="usernameStyle" value="USERID" />
</vcs-root>

