<?xml version="1.0" encoding="UTF-8"?>
<server rootURL="http://localhost:8082" uuid="f74432bd-58e6-4543-9f83-d3701726cd9f">
  <version number="628" />
  <report-tab title="Code Coverage" startPage="coverage.zip!index.html" />
  <report-tab title="JavaDoc" startPage="javadoc.zip!index.html" />
  <artifacts maxArtifactSize="300000000" />
  <build-settings executionTimeout="0" />
  <comment-transformation>
    <transformation-pattern search="((https?://|ftp://|file://|mailto:)[\w`~@#$%^&amp;*-=|\/{}()\[\];:&quot;'&lt;&gt;?\.]+(?&lt;=[^\.,;&quot;'`\)\]}]))" replace="&lt;a target=&quot;_blank&quot; title=&quot;Click to open this link in a new window&quot; href=&quot;$1&quot;&gt;$1&lt;/a&gt;" description="Links transformation (default)" />
    <transformation-pattern search="(&#xD;?&#xA;|&#xD;)" replace="&lt;br&gt;" description="Line feed transformation (default)" />
  </comment-transformation>
  <db-compact enabled="true">
    <scheduler hour="3" minute="0" />
  </db-compact>
  <vcs-settings modification-check-interval="60" quiet-period="60" />
</server>

