<?xml version="1.0" encoding="UTF-8"?>
<!DOCTYPE build-type SYSTEM "../../../project-config.dtd">

<build-type>
  <name>.NET code</name>
  <description />
  <settings>
    <parameters />
    <build-runners>
      <runner id="RUNNER_1" name="Build" type="MSBuild">
        <parameters>
          <param name="build-file-path" value="CS/ConsoleService/TOIK.sln" />
          <param name="dotNetCoverage.NCover.HTMLReport.File.Sort" value="0" />
          <param name="dotNetCoverage.NCover.HTMLReport.File.Type" value="1" />
          <param name="dotNetCoverage.NCover.Reg" value="selected" />
          <param name="dotNetCoverage.NCover.platformBitness" value="x86" />
          <param name="dotNetCoverage.NCover.platformVersion" value="v2.0" />
          <param name="dotNetCoverage.NCover3.Reg" value="selected" />
          <param name="dotNetCoverage.NCover3.args" value="//ias .*" />
          <param name="dotNetCoverage.NCover3.platformBitness" value="x86" />
          <param name="dotNetCoverage.NCover3.platformVersion" value="v2.0" />
          <param name="dotNetCoverage.NCover3.reporter.executable.args" value="//or FullCoverageReport:Html:{teamcity.report.path}" />
          <param name="dotNetCoverage.PartCover.Reg" value="selected" />
          <param name="dotNetCoverage.PartCover.includes" value="[*]*" />
          <param name="dotNetCoverage.PartCover.platformBitness" value="x86" />
          <param name="dotNetCoverage.PartCover.platformVersion" value="v2.0" />
          <param name="msbuild_version" value="4.5" />
          <param name="run-platform" value="x86" />
          <param name="teamcity.step.mode" value="default" />
          <param name="toolsVersion" value="4.0" />
        </parameters>
      </runner>
    </build-runners>
    <vcs-settings checkout-mode="ON_SERVER" labeling-type="NONE" labeling-pattern="build-%system.build.number%">
      <vcs-entry-ref root-id="Github" set-label="false" />
    </vcs-settings>
    <requirements />
    <build-triggers />
    <cleanup />
  </settings>
</build-type>

