<?xml version="1.0" encoding="UTF-8"?>
<!DOCTYPE build-type SYSTEM "../../../project-config.dtd">

<build-type>
  <name>JavaClient</name>
  <description />
  <settings>
    <parameters />
    <build-runners>
      <runner id="RUNNER_3" name="Build" type="Ant">
        <parameters>
          <param name="build-file-path" value="Java\JavaClient\build.xml" />
          <param name="teamcity.coverage.emma.include.source" value="true" />
          <param name="teamcity.coverage.emma.instr.parameters" value="-ix -*Test*" />
          <param name="teamcity.coverage.idea.includePatterns" value="*" />
          <param name="teamcity.step.mode" value="default" />
        </parameters>
      </runner>
    </build-runners>
    <vcs-settings checkout-mode="ON_SERVER" labeling-type="NONE" labeling-pattern="build-%system.build.number%">
      <vcs-entry-ref root-id="Github" set-label="false" />
    </vcs-settings>
    <requirements />
    <build-triggers />
    <cleanup />
  </settings>
</build-type>

